{"X": 38630.44921875, "_timestamp": 1714699298.8860118, "_runtime": 102.16445875167847, "_step": 3999, "A": 34261.43359375, "Y": 46801.4453125, "loss": 39897.77734375, "_wandb": {"runtime": 101}}