{"t": 0.055934593081474304, "_timestamp": 1714511917.546479, "_runtime": 4419.542653083801, "_step": 4799, "y": 1.966892957687378, "loss": 1.011413812637329, "_wandb": {"runtime": 4418}}