{"X": 0.6870412826538086, "_timestamp": 1714962426.3955379, "_runtime": 30.412179946899414, "_step": 319, "A": 0.6930419206619263, "Y": 0.6572417616844177, "loss": 0.6791083216667175, "_wandb": {"runtime": 29}}