{"t": 0.27637940645217896, "_timestamp": 1713559945.688309, "_runtime": 323.8371379375458, "_step": 1799, "y": 1.775519847869873, "loss": 1.0259495973587036, "_wandb": {"runtime": 322}}