{"t": 0.22897429764270782, "_timestamp": 1715214061.802915, "_runtime": 23.54468011856079, "_step": 89, "y": 1.7300184965133667, "loss": 0.979496419429779, "_wandb": {"runtime": 22}}