{"_wandb": {"runtime": 10}, "Val Training Loss - black_hat": 0.5414809584617615, "Val Training Loss - hispanic_hat": 0.28770461678504944, "Val Training Loss - married_hat": 0.6700040102005005, "Val Training Loss - nodegree_hat": 0.6594370007514954, "Val Training Loss - t_hat": 0.6201462745666504, "Val Training Loss - age_bin_hat": 32.1390266418457, "Val Training Loss - education_bin_hat": 68.40506744384766, "Val Training Loss - re74_bin_hat": 38.89878845214844, "Val Training Loss - re75_bin_hat": 61.60109329223633, "Val Training Loss - y_bin_hat": 70.13766479492188, "_timestamp": 1712420629.0919309, "Val Validation Loss - black_hat": 0.3835505425930023, "Val Validation Loss - hispanic_hat": 0.28665822744369507, "Val Validation Loss - married_hat": 0.6345909396807353, "Val Validation Loss - nodegree_hat": 0.6492172400156657, "Val Validation Loss - t_hat": 0.5209405501683553, "Val Validation Loss - age_bin_hat": 35.19992860158285, "Val Validation Loss - education_bin_hat": 55.97815780639648, "Val Validation Loss - re74_bin_hat": 30.011384963989258, "Val Validation Loss - re75_bin_hat": 56.812950388590494, "Val Validation Loss - y_bin_hat": 67.44392293294271, "_runtime": 11.23913288116455, "_step": 0}