{"t": 0.05526392161846161, "_timestamp": 1713663444.712687, "_runtime": 1208.1862649917603, "_step": 4799, "y": 2.1091394424438477, "loss": 1.0822017192840576, "_wandb": {"runtime": 1207}}