{"Val Training Loss - black_hat": 0.16195693612098694, "Val Training Loss - hispanic_hat": 0.27581238746643066, "Val Training Loss - married_hat": 0.19446496665477753, "Val Training Loss - nodegree_hat": 0.12752464413642883, "Val Training Loss - t_hat": 0.004823736846446991, "Val Training Loss - age_bin_hat": 7.080180644989014, "Val Training Loss - education_bin_hat": 1.7156709432601929, "Val Training Loss - re74_bin_hat": 1.3612788915634155, "Val Training Loss - re75_bin_hat": 2.2230818271636963, "Val Training Loss - y_bin_hat": 1.5861588716506958, "_timestamp": 1712424325.403798, "Val Validation Loss - black_hat": 0.2880115009962566, "Val Validation Loss - hispanic_hat": 0.2707060317671488, "Val Validation Loss - married_hat": 0.1477895025459547, "Val Validation Loss - nodegree_hat": 0.11479832078256304, "Val Validation Loss - t_hat": 0.003620738485118463, "Val Validation Loss - age_bin_hat": 7.09915660676502, "Val Validation Loss - education_bin_hat": 2.456296027652801, "Val Validation Loss - re74_bin_hat": 0.9287403850328355, "Val Validation Loss - re75_bin_hat": 1.7317830286328755, "Val Validation Loss - y_bin_hat": 1.4923488563961453, "_runtime": 864.2262589931488, "_step": 9, "_wandb": {"runtime": 863}}