{"X": 0.6880218982696533, "_timestamp": 1715047076.810348, "_runtime": 17.864097118377686, "_step": 399, "A": 0.6851296424865723, "Y": 0.6559402346611023, "loss": 1.3910174369812012, "_wandb": {"runtime": 16}}