{"X": 0.7578964829444885, "_timestamp": 1714947929.388478, "_runtime": 13.002243041992188, "_step": 39, "A": 0.7102029919624329, "Y": 0.6900660991668701, "loss": 0.719388484954834, "_wandb": {"runtime": 12}}