{"X": 0.6572815775871277, "_timestamp": 1715052890.952996, "_runtime": 23.41465997695923, "_step": 319, "A": 0.64882892370224, "Y": 0.6872052550315857, "loss": 36.19340896606445, "_wandb": {"runtime": 22}}