{"t": 0.19787545502185822, "_timestamp": 1713639649.08592, "_runtime": 119.13293504714966, "_step": 580, "y": 1.7105381488800049, "loss": 0.9450269937515259}