{"X": 42100.85546875, "_timestamp": 1714697254.418665, "_runtime": 99.38593697547913, "_step": 3999, "A": 37128.18359375, "Y": 53160.40625, "loss": 44129.8125, "_wandb": {"runtime": 98}}