{"X": 1.5937368869781494, "_timestamp": 1714951052.2454531, "_runtime": 188.15795922279358, "_step": 3999, "A": 1.7058392763137817, "Y": 2.048349618911743, "loss": 2.0930991172790527, "_wandb": {"runtime": 187}}