{"X": 0.6914528012275696, "_timestamp": 1714694651.763057, "_runtime": 11.679122924804688, "_step": 39, "A": 0.6917666792869568, "Y": 0.6303447484970093, "loss": 0.6711880564689636, "_wandb": {"runtime": 11}}