{"_wandb": {"runtime": 10}, "Train Training Loss - black_hat": 0.6069424152374268, "Train Training Loss - hispanic_hat": 1.4178142547607422, "Train Training Loss - married_hat": 0.7688348889350891, "Train Training Loss - nodegree_hat": 0.7993395328521729, "Train Training Loss - t_hat": 1.1625819206237793, "Train Training Loss - age_bin_hat": 40.3592643737793, "Train Training Loss - education_bin_hat": 86.30994415283203, "Train Training Loss - re74_bin_hat": 48.792198181152344, "Train Training Loss - re75_bin_hat": 64.25180053710938, "Train Training Loss - y_bin_hat": 84.339111328125, "_timestamp": 1712420612.2633688, "Train Validation Loss - black_hat": 0.5238347431023915, "Train Validation Loss - hispanic_hat": 0.32190237442652386, "Train Validation Loss - married_hat": 0.6432820876439412, "Train Validation Loss - nodegree_hat": 0.6758532126744589, "Train Validation Loss - t_hat": 0.6816354910532634, "Train Validation Loss - age_bin_hat": 44.58008728027344, "Train Validation Loss - education_bin_hat": 79.06142171223958, "Train Validation Loss - re74_bin_hat": 37.872914759318036, "Train Validation Loss - re75_bin_hat": 64.65579732259114, "Train Validation Loss - y_bin_hat": 80.16930491129557, "_runtime": 11.525959730148315, "_step": 0}