{"X": 0.6950103044509888, "_timestamp": 1715052068.697406, "_runtime": 244.83252000808716, "_step": 3199, "A": 0.6601688861846924, "Y": 0.6902100443840027, "loss": 0.6817963719367981, "_wandb": {"runtime": 244}}