{"X": 0.7071751356124878, "_timestamp": 1715052796.013951, "_runtime": 168.59883213043213, "_step": 3199, "A": 0.6610924601554871, "Y": 0.7273567914962769, "loss": 21.864887237548828, "_wandb": {"runtime": 167}}