{"A": NaN, "_timestamp": 1715131283.6430259, "_runtime": 91.66032576560974, "_step": 1999, "M": NaN, "Y": NaN, "loss": NaN, "_wandb": {"runtime": 89}}