{"X": 0.6898874640464783, "_timestamp": 1714700031.7068338, "_runtime": 9.378267765045166, "_step": 2, "A": 0.709155261516571, "Y": 0.629153847694397, "_wandb": {"runtime": 8}}