{"X": 0.7016457915306091, "_timestamp": 1714958940.996334, "_runtime": 23.60494112968445, "_step": 399, "A": 0.7177513241767883, "Y": 0.7202030420303345, "loss": 1.0327479839324951, "_wandb": {"runtime": 22}}