{"A": 0.695387065410614, "_timestamp": 1715133437.2190459, "_runtime": 89.28857898712158, "_step": 1999, "M": 0.6692359447479248, "Y": 1.1732382774353027, "loss": 0.8459537625312805, "_wandb": {"runtime": 88}}