{"X": 0.7158548831939697, "_timestamp": 1715047398.001955, "_runtime": 10.116409063339233, "_step": 39, "A": 0.706739068031311, "Y": 0.6736692786216736, "loss": 1.4071208238601685, "_wandb": {"runtime": 9}}