{"X": 0.6913292407989502, "_timestamp": 1714945829.290995, "_runtime": 166.31772899627686, "_step": 3999, "A": 0.7177013158798218, "Y": 0.6852721571922302, "loss": 1.019445538520813, "_wandb": {"runtime": 165}}