{"X": 0.8256281018257141, "_timestamp": 1714946639.973014, "_runtime": 12.894578218460083, "_step": 39, "A": 0.6978231072425842, "Y": 0.734568178653717, "loss": 0.7526731491088867, "_wandb": {"runtime": 12}}