{"X": 376.2619934082031, "_timestamp": 1714702738.290591, "_runtime": 181.83319902420044, "_step": 3999, "A": 366.3060302734375, "Y": 558.427001953125, "loss": 433.6650085449219, "_wandb": {"runtime": 180}}