{"X": 0.7481363415718079, "_timestamp": 1714951969.998136, "_runtime": 14.106173992156982, "_step": 39, "A": 0.7837352752685547, "Y": 0.6532192826271057, "loss": 0.728363573551178, "_wandb": {"runtime": 13}}