"Method","Mean_ATE","se_ATE","CI_Lower","CI_Upper","Mean_RNMSE","se_RNMSE"
"IPW (Naive)",-14857.3358253753,300.66240188529,-16572.8018562469,-14011.7313092727,9.28011181012253,0.167561555717027
"IPW (GRF)",-15076.3432584531,1998.06452007432,-19077.9377986364,-1257.65168935785,9.4082175605225,1.10784391348488
"AIPW (GRF)",-2721.4420480628,434.58198993159,-4491.27111869215,-809.000868738911,2.51668136922925,0.242196010751357
