{
    "Test: predicted ATE for standardization: ": 0.0,
    "Test: NRMSE for standardization": 1.0,
    "Test: predicted ATE for IPW": -18142.829077097456,
    "Test: NRMSE for IPW": 11.111143416017843,
    "Test: predicted ATE for AIPW": -18142.82907709647,
    "Test: NRMSE for AIPW": 11.111143416017294
}