{
    "Test: predicted ATE for standardization: ": 0.0,
    "Test: NRMSE for standardization": 1.0,
    "Test: predicted ATE for IPW": -19169.99543299249,
    "Test: NRMSE for IPW": 11.683591422468703,
    "Test: predicted ATE for AIPW": -1480.273313294364,
    "Test: NRMSE for AIPW": 1.8249681293926259
}