{
    "Test: predicted ATE for standardization: ": 0.0,
    "Test: NRMSE for standardization": 1.0,
    "Test: predicted ATE for IPW": -20105.7275304398,
    "Test: NRMSE for IPW": 12.205082387083719,
    "Test: predicted ATE for AIPW": -154.13458920330615,
    "Test: NRMSE for AIPW": 1.085900436485452
}