{
    "Test: predicted ATE for standardization: ": 0.0,
    "Test: NRMSE for standardization": 1.0,
    "Test: predicted ATE for IPW": -22610.677270199576,
    "Test: NRMSE for IPW": 13.601110865387595,
    "Test: predicted ATE for AIPW": -1147.9843027233298,
    "Test: NRMSE for AIPW": 1.6397808122893822
}