{
    "Test: predicted ATE for standardization: ": 0.0,
    "Test: NRMSE for standardization": 1.0,
    "Test: predicted ATE for IPW": -20411.05266914,
    "Test: NRMSE for IPW": 12.37524252323417,
    "Test: predicted ATE for AIPW": 17602.506824238255,
    "Test: NRMSE for AIPW": 8.81001751297873
}