{
    "Test: predicted ATE for standardization: ": 0.0,
    "Test: NRMSE for standardization": 1.0,
    "Test: predicted ATE for IPW": -21881.272628705483,
    "Test: NRMSE for IPW": 13.194607838372596,
    "Test: predicted ATE for AIPW": 1065.0582661974092,
    "Test: NRMSE for AIPW": 0.4064345295777783
}