{
    "Test: predicted ATE for standardization: ": 0.0,
    "Test: NRMSE for standardization": 1.0,
    "Test: predicted ATE for IPW": -19783.369439590548,
    "Test: NRMSE for IPW": 12.025429650785552,
    "Test: predicted ATE for AIPW": 743.4221847007784,
    "Test: NRMSE for AIPW": 0.5856848843024296
}