{
    "Test: predicted ATE for standardization: ": 0.0,
    "Test: NRMSE for standardization": 1.0,
    "Test: predicted ATE for IPW": -19615.641078476623,
    "Test: NRMSE for IPW": 11.931953296742325,
    "Test: predicted ATE for AIPW": -1285.7199095625033,
    "Test: NRMSE for AIPW": 1.7165419650470386
}