{
    "Test: predicted ATE for standardization: ": 0.0,
    "Test: NRMSE for standardization": 1.0,
    "Test: predicted ATE for IPW": -19422.46814911443,
    "Test: NRMSE for IPW": 11.824296481778498,
    "Test: predicted ATE for AIPW": -2581.7508129000835,
    "Test: NRMSE for AIPW": 2.4388303292018705
}