{
    "Test: predicted ATE for standardization: ": 0.0,
    "Test: NRMSE for standardization": 1.0,
    "Test: predicted ATE for IPW": -18329.922222664496,
    "Test: NRMSE for IPW": 11.21541191895878,
    "Test: predicted ATE for AIPW": -2695.1973608229328,
    "Test: NRMSE for AIPW": 2.502054995610048
}