{
    "Test: predicted ATE for standardization: ": 0.0,
    "Test: NRMSE for standardization": 1.0,
    "Test: predicted ATE for IPW": -21168.231806956737,
    "Test: NRMSE for IPW": 12.797224498677362,
    "Test: predicted ATE for AIPW": -7819.254750824385,
    "Test: NRMSE for AIPW": 5.357733066656478
}