{
    "Test: predicted ATE for standardization: ": 0.0,
    "Test: NRMSE for standardization": 1.0,
    "Test: predicted ATE for IPW": -22696.91826467799,
    "Test: NRMSE for IPW": 13.649173659773504,
    "Test: predicted ATE for AIPW": -2588.4088571122543,
    "Test: NRMSE for AIPW": 2.442540910369414
}