{
    "Test: predicted ATE for standardization: ": 0.0,
    "Test: NRMSE for standardization": 1.0,
    "Test: predicted ATE for IPW": -18687.728993751316,
    "Test: NRMSE for IPW": 11.41482048761735,
    "Test: predicted ATE for AIPW": -1370.925893345256,
    "Test: NRMSE for AIPW": 1.764027939713352
}