{
    "Test: predicted ATE for standardization: ": 0.0,
    "Test: NRMSE for standardization": 1.0,
    "Test: predicted ATE for IPW": -20764.909319680166,
    "Test: NRMSE for IPW": 12.572449658191964,
    "Test: predicted ATE for AIPW": -4291.651651461255,
    "Test: NRMSE for AIPW": 3.391771710746712
}