{
    "Test: predicted ATE for standardization: ": 0.0,
    "Test: NRMSE for standardization": 1.0,
    "Test: predicted ATE for IPW": -20498.62780821385,
    "Test: NRMSE for IPW": 12.42404884704897,
    "Test: predicted ATE for AIPW": -1251.3021203021592,
    "Test: NRMSE for AIPW": 1.6973606564542725
}