{
    "Test: predicted ATE for standardization: ": 0.0,
    "Test: NRMSE for standardization": 1.0,
    "Test: predicted ATE for IPW": -21220.974683202134,
    "Test: NRMSE for IPW": 12.826618524472584,
    "Test: predicted ATE for AIPW": -1851.1698179179537,
    "Test: NRMSE for AIPW": 2.0316717110012337
}