{
    "Test: predicted ATE for standardization: ": 0.0,
    "Test: NRMSE for standardization": 1.0,
    "Test: predicted ATE for IPW": -18949.817220078836,
    "Test: NRMSE for IPW": 11.560884347492024,
    "Test: predicted ATE for AIPW": -2176.1476806974447,
    "Test: NRMSE for AIPW": 2.2127844671006858
}