{
    "Test: predicted ATE for standardization: ": 0.0,
    "Test: NRMSE for standardization": 1.0,
    "Test: predicted ATE for IPW": -21481.663279893524,
    "Test: NRMSE for IPW": 12.971902359582646,
    "Test: predicted ATE for AIPW": -1644.514431306156,
    "Test: NRMSE for AIPW": 1.9165010150284538
}