{
    "Test: predicted ATE for standardization: ": 0.0,
    "Test: NRMSE for standardization": 1.0,
    "Test: predicted ATE for IPW": -18418.894836647058,
    "Test: NRMSE for IPW": 11.264997066691407,
    "Test: predicted ATE for AIPW": -1633.3759077893396,
    "Test: NRMSE for AIPW": 1.9102934269922867
}