{
    "Test: predicted ATE for standardization: ": 0.0,
    "Test: NRMSE for standardization": 1.0,
    "Test: predicted ATE for IPW": -18930.879967200075,
    "Test: NRMSE for IPW": 11.550330465352205,
    "Test: predicted ATE for AIPW": -2765.6261264627506,
    "Test: NRMSE for AIPW": 2.5413055086899643
}