{
    "Test: predicted ATE for standardization: ": 0.0,
    "Test: NRMSE for standardization": 1.0,
    "Test: predicted ATE for IPW": -16909.961175528166,
    "Test: NRMSE for IPW": 10.424056296759904,
    "Test: predicted ATE for AIPW": -15876.321589008543,
    "Test: NRMSE for AIPW": 9.848000707228588
}