{
    "Test: predicted ATE for standardization: ": 0.0,
    "Test: NRMSE for standardization": 1.0,
    "Test: predicted ATE for IPW": -19517.305792727915,
    "Test: NRMSE for IPW": 11.87715025732465,
    "Test: predicted ATE for AIPW": -464.46375137998916,
    "Test: NRMSE for AIPW": 1.2588493548491306
}