{
    "Test: predicted ATE for standardization: ": 0.0,
    "Test: NRMSE for standardization": 1.0,
    "Test: predicted ATE for IPW": -18851.380338033217,
    "Test: NRMSE for IPW": 11.506024687647392,
    "Test: predicted ATE for AIPW": -640.7205613297746,
    "Test: NRMSE for AIPW": 1.3570786814816447
}