Method,mean ATE,se ATE,CI lower,CI upper,mean RNMSE,se RNMSE
CFCV,-1594.0497515790346,191.4539281450658,-2343.65208221282,-1072.0473442946777,1.9020455355466555,0.1017271699330264
