Method,mean ATE,se ATE,CI lower,CI upper,mean RNMSE,se RNMSE
IPW,-18673.995623963743,511.4481763765362,-19471.175093636484,-18439.02934516354,11.470034978994065,0.2290840304853713
