Method,mean ATE,se ATE,CI lower,CI upper,mean RNMSE,se RNMSE
IPW,-18744.248366466425,193.79338208287083,-19294.034627844303,-18174.265910664755,11.446319185029829,0.10800259821598522
