{"results": {"ATE_true": -13856.372498899807, "ATE_IPTW": -13991.901203876827, "rb_IPTW": -0.009686225124250283, "ATE_std": 0.0001413804213619141, "rb_std": -98007719.22167253, "ATE_AIPW": -13997.360980119756, "rb_AIPW": -0.010072504482823064}, "hyperparameters": {"training": {"num_epochs": 100, "batch_size": 512, "learning_rate": 0.001, "weight_decay": 0.0, "project_tag": "lalonde_psid"}, "model": {"num_layers": 2, "dropout_rate": 0.1, "embedding_dim": 128, "num_heads": 32}}}