{"results": {"ATE_true": -13856.372498899807, "ATE_IPTW": -14242.774656173147, "rb_IPTW": -0.027129696748088645, "ATE_std": -8.057146247963942e-05, "rb_std": 171976181.04337972, "ATE_AIPW": -14248.263633664796, "rb_AIPW": -0.027504483692950166}, "hyperparameters": {"training": {"num_epochs": 100, "batch_size": 512, "learning_rate": 0.001, "weight_decay": 0.0, "project_tag": "lalonde_psid"}, "model": {"num_layers": 2, "dropout_rate": 0.1, "embedding_dim": 128, "num_heads": 32}}}