Method,mean ATE,se ATE,CI lower,CI upper,mean RNMSE,se RNMSE
CFCV,-1675.6307664284036,317.77328585958423,-2680.0703765158833,-399.92537523979695,1.933842396885988,0.17709758789280974
