{"results": {"ATE_true": -13289.479866359026, "ATE_IPTW": -13021.656532026385, "rb_IPTW": 0.020567531763254338, "rmse_IPTW": 267.823334332641, "ATE_AIPW": -13026.639555184976, "rb_AIPW": 0.020177138552162667, "rmse_AIPW": 262.84031117404993}, "hyperparameters": {"training": {"num_epochs": 10, "batch_size": 32, "learning_rate": 0.0001, "weight_decay": 0.0, "project_tag": "lalonde_psid"}, "model": {"num_layers": 3, "dropout_rate": 0.1, "embedding_dim": 128, "num_heads": 16}}}