{"X": 0.762663722038269, "_timestamp": 1714959013.116976, "_runtime": 12.513283967971802, "_step": 39, "A": 0.7350504994392395, "Y": 0.6459044814109802, "loss": 0.7145395874977112, "_wandb": {"runtime": 11}}