{"X": 0.7059620022773743, "_timestamp": 1714945574.759857, "_runtime": 11.792330980300903, "_step": 39, "A": 0.6889261603355408, "Y": 0.6536041498184204, "loss": 0.682830810546875, "_wandb": {"runtime": 11}}