{"X": 1.1762861013412476, "_timestamp": 1715047616.5192692, "_runtime": 95.12350630760193, "_step": 3999, "A": 1.3724539279937744, "Y": 1.1926769018173218, "loss": 2.661774158477783, "_wandb": {"runtime": 93}}