{"X": 0.6876635551452637, "_timestamp": 1714700017.187819, "_runtime": 13.577223062515259, "_step": 39, "A": 0.69525545835495, "Y": 0.6792505383491516, "loss": 0.6873898506164551, "_wandb": {"runtime": 11}}