{"t": 0.20535284280776978, "_timestamp": 1713571994.6643379, "_runtime": 13.6594078540802, "_step": 37, "y": 1.6536282300949097, "loss": 0.9704602360725403}