{"X": 0.6924448609352112, "_timestamp": 1715052620.132468, "_runtime": 31.677833080291748, "_step": 319, "A": 0.6813388466835022, "Y": 0.6934910416603088, "loss": 0.6890916228294373, "_wandb": {"runtime": 31}}