"ate","rmse_ate"
-2535.21566129412,4329.55566129412
490.507526939576,1303.83247306042
-4787.46656013316,6581.80656013316
1979.69796069837,185.357960698371
5129.35525512147,3335.01525512147
1257.79562170429,536.544378295711
-3065.52198383629,4859.86198383629
2944.7272633469,1150.3872633469
2175.91504400604,381.575044006039
-2136.65411255631,3930.99411255631
