{"t": 0.046707674860954285, "_timestamp": 1713668741.231166, "_runtime": 1775.7327599525452, "_step": 7846, "y": 1.9944963455200195, "loss": 1.0570610761642456}