{"X": 0.7255529761314392, "_timestamp": 1714701666.650985, "_runtime": 11.62042498588562, "_step": 39, "A": 0.7855151891708374, "Y": 0.6450058817863464, "loss": 0.718691349029541, "_wandb": {"runtime": 11}}