{"X": 48822.0390625, "_timestamp": 1714699578.93347, "_runtime": 104.68437194824219, "_step": 3999, "A": 47949.62890625, "Y": 61734.61328125, "loss": 52835.42578125, "_wandb": {"runtime": 103}}