{"X": 0.7057306170463562, "_timestamp": 1714943547.481497, "_runtime": 11.923174142837524, "_step": 39, "A": 0.7243548631668091, "Y": 0.6328561305999756, "loss": 0.6876471638679504, "_wandb": {"runtime": 11}}