{"X1": 0.6719701886177063, "_timestamp": 1713916240.071968, "_runtime": 41.20616102218628, "_step": 519, "X2": 0.6780662536621094, "X3": 0.6982022523880005, "X4": 0.6895080208778381, "X5": 0.7034479379653931, "X6": 0.7074046730995178, "X7": 0.7150483727455139, "X8": 0.7194246053695679, "X9": 0.685457706451416, "X10": 0.7144100069999695, "A": 0.727575957775116, "Y": 0.6977781057357788, "loss": 0.7006911635398865, "_wandb": {"runtime": 40}}