{"U1": 0.6919459700584412, "_timestamp": 1714948544.209725, "_runtime": 171.61468291282654, "_step": 4999, "X": 0.691794216632843, "A": 0.715732753276825, "Y": 0.630302369594574, "loss": 1.0235589742660522, "_wandb": {"runtime": 170}}