{"X": 0.7102184295654297, "_timestamp": 1715046414.723397, "_runtime": 11.812846899032593, "_step": 39, "A": 0.6561725735664368, "Y": 0.6724327802658081, "loss": 0.6796078681945801, "_wandb": {"runtime": 11}}