{"X": 0.698817789554596, "_timestamp": 1715048050.047307, "_runtime": 33.38356399536133, "_step": 319, "A": 0.697784423828125, "Y": 0.6938648223876953, "loss": 0.6968223452568054, "_wandb": {"runtime": 32}}