{"t": 0.22662529349327087, "_timestamp": 1713566261.6902301, "_runtime": 303.1013820171356, "_step": 13499, "y": 1.564738154411316, "loss": 0.8956817388534546, "_wandb": {"runtime": 302}}