{"X": 0.6864334344863892, "_timestamp": 1714962586.234435, "_runtime": 155.44793510437012, "_step": 3199, "A": 0.6840377449989319, "Y": 0.7633315324783325, "loss": 1.0388946533203125, "_wandb": {"runtime": 154}}