{"_wandb": {"runtime": 10}, "Train Training Loss - black_hat": 0.8054921627044678, "Train Training Loss - hispanic_hat": 0.46029484272003174, "Train Training Loss - married_hat": 0.5929492712020874, "Train Training Loss - nodegree_hat": 0.7263773083686829, "Train Training Loss - t_hat": 0.4603842794895172, "Train Training Loss - age_bin_hat": 24.12356948852539, "Train Training Loss - education_bin_hat": 58.19274139404297, "Train Training Loss - re74_bin_hat": 8.594902992248535, "Train Training Loss - re75_bin_hat": 17.231929779052734, "Train Training Loss - y_bin_hat": 24.61692237854004, "_timestamp": 1712420178.8398468, "Train Validation Loss - black_hat": 0.11216747760772705, "Train Validation Loss - hispanic_hat": 0.08228523284196854, "Train Validation Loss - married_hat": 0.28029242902994156, "Train Validation Loss - nodegree_hat": 0.4566863179206848, "Train Validation Loss - t_hat": 0.2269272655248642, "Train Validation Loss - age_bin_hat": 20.52827548980713, "Train Validation Loss - education_bin_hat": 44.08840751647949, "Train Validation Loss - re74_bin_hat": 4.882142852991819, "Train Validation Loss - re75_bin_hat": 0.5685689821839333, "Train Validation Loss - y_bin_hat": 45.616992473602295, "_runtime": 10.660387754440308, "_step": 0}