{"X": 0.7057559490203857, "_timestamp": 1714941535.905979, "_runtime": 11.72127079963684, "_step": 39, "A": 0.6955689787864685, "Y": 0.7652914524078369, "loss": 0.7222054600715637, "_wandb": {"runtime": 11}}