{"X": 0.7090083360671997, "_timestamp": 1715046080.166045, "_runtime": 11.455793857574463, "_step": 39, "A": 0.7482349276542664, "Y": 0.6422895789146423, "loss": 0.6998443007469177, "_wandb": {"runtime": 10}}