{"X": 42446.65625, "_timestamp": 1714698393.834283, "_runtime": 100.59886002540588, "_step": 3999, "A": 48870.703125, "Y": 29532.240234375, "loss": 40283.19921875, "_wandb": {"runtime": 99}}