{"X": 0.6957231163978577, "_timestamp": 1715050665.388318, "_runtime": 30.4323410987854, "_step": 319, "A": 0.6852756142616272, "Y": 0.6944608688354492, "loss": 0.6918198466300964, "_wandb": {"runtime": 29}}