{"X": 0.7019549608230591, "_timestamp": 1715052985.652686, "_runtime": 30.69245719909668, "_step": 319, "A": 0.6819976568222046, "Y": 0.6934770345687866, "loss": 0.6924765706062317, "_wandb": {"runtime": 30}}