{"t": 0.21545512974262238, "_timestamp": 1715212771.3550029, "_runtime": 21.457170963287354, "_step": 89, "y": 1.7440680265426636, "loss": 0.9797616004943848, "_wandb": {"runtime": 20}}