{"X": 45377.890625, "_timestamp": 1714698846.7285252, "_runtime": 100.9033751487732, "_step": 3999, "A": 45874.9765625, "Y": 58321.12890625, "loss": 49858.0, "_wandb": {"runtime": 99}}