{"t": 0.17795293033123016, "_timestamp": 1713649349.989172, "_runtime": 184.39879202842712, "_step": 899, "y": 1.5977444648742676, "loss": 0.8878486752510071, "_wandb": {"runtime": 183}}