{"X1": 0.7104694247245789, "_timestamp": 1713916338.923021, "_runtime": 42.17244100570679, "_step": 519, "X2": 0.6881349682807922, "X3": 0.6876270771026611, "X4": 0.7194470763206482, "X5": 0.6967386603355408, "X6": 0.7124115228652954, "X7": 0.7190760970115662, "X8": 0.7087457776069641, "X9": 0.7021383047103882, "X10": 0.695345938205719, "A": 0.6992853283882141, "Y": 0.6824309229850769, "loss": 0.7018210291862488, "_wandb": {"runtime": 41}}