{"t": 0.6194900870323181, "_timestamp": 1713561395.018355, "_runtime": 30.384480953216553, "_step": 1199, "y": 1.840844750404358, "loss": 1.2301673889160156, "_wandb": {"runtime": 29}}