{"X": 0.6989380717277527, "_timestamp": 1714950859.650505, "_runtime": 14.014868021011353, "_step": 39, "A": 0.7227818965911865, "Y": 0.7072756290435791, "loss": 0.7096652388572693, "_wandb": {"runtime": 12}}