{"X": 0.6832635402679443, "_timestamp": 1715050765.3739672, "_runtime": 95.24258208274841, "_step": 1635, "A": 0.6872667670249939, "Y": 0.6920846104621887, "loss": 1.4031190872192383}