{"t": 0.20076610147953033, "_timestamp": 1715213543.053117, "_runtime": 22.014843940734863, "_step": 89, "y": 1.6337727308273315, "loss": 0.9172694087028503, "_wandb": {"runtime": 21}}