{"t": 0.20864731073379517, "_timestamp": 1715213841.6760588, "_runtime": 21.046234846115112, "_step": 89, "y": 1.704584002494812, "loss": 0.956615686416626, "_wandb": {"runtime": 20}}