{"X": 0.6944708228111267, "_timestamp": 1714700341.260586, "_runtime": 9.134551048278809, "_step": 2, "A": 0.6987086534500122, "Y": 0.7968472838401794, "_wandb": {"runtime": 8}}