{"X": 0.6942176222801208, "_timestamp": 1715050368.8119218, "_runtime": 159.92596077919006, "_step": 3199, "A": 0.677941620349884, "Y": 0.7357118129730225, "loss": 1.4172238111495972, "_wandb": {"runtime": 158}}