{"X": 50795.23828125, "_timestamp": 1714700985.207457, "_runtime": 181.87280416488647, "_step": 3999, "A": 44626.9296875, "Y": 30370.177734375, "loss": 41930.78515625, "_wandb": {"runtime": 180}}