{"X": 0.7220145463943481, "_timestamp": 1714946817.9828532, "_runtime": 173.09573411941528, "_step": 3999, "A": 0.7175381183624268, "Y": 0.6451322436332703, "loss": 1.0145957469940186, "_wandb": {"runtime": 172}}