{
    "Test: predicted CATE for standardization: ": 0.0,
    "Test: NRMSE for standardization": 1.0,
    "Test: predicted CATE for naive IPW": 5.946101595618922,
    "Test: NRMSE for naive IPW": 5.357704700451283,
    "Test: predicted CATE for IPW": 1.2794531621325924,
    "Test: NRMSE for IPW": 1.8241518374712287,
    "Test: predicted CATE for AIPW": 1.7101664109900563,
    "Test: NRMSE for AIPW": 0.9943344691460708
}