{
    "Test: predicted CATE for standardization: ": 0.0,
    "Test: NRMSE for standardization": 1.0,
    "Test: predicted CATE for naive IPW": 4.944966257718937,
    "Test: NRMSE for naive IPW": 15.7084526242989,
    "Test: predicted CATE for IPW": -9.234086157408509,
    "Test: NRMSE for IPW": 7.365027714803354,
    "Test: predicted CATE for AIPW": 0.6955936677546056,
    "Test: NRMSE for AIPW": 1.1239227108119616
}