{
    "Test: predicted CATE for standardization: ": 0.0,
    "Test: NRMSE for standardization": 1.0,
    "Test: predicted CATE for naive IPW": 4.456659029122973,
    "Test: NRMSE for naive IPW": 1.733823523918406,
    "Test: predicted CATE for IPW": 2.986000822858254,
    "Test: NRMSE for IPW": 0.950859041598203,
    "Test: predicted CATE for AIPW": -0.9497629660137048,
    "Test: NRMSE for AIPW": 1.1676710989151557
}