{
    "Test: predicted CATE for standardization: ": 0.0,
    "Test: NRMSE for standardization": 1.0,
    "Test: predicted CATE for naive IPW": 4.612148194693976,
    "Test: NRMSE for naive IPW": 1.8544835849730932,
    "Test: predicted CATE for IPW": 2.188385407763378,
    "Test: NRMSE for IPW": 0.9615178321384352,
    "Test: predicted CATE for AIPW": -0.2769704289092278,
    "Test: NRMSE for AIPW": 1.4934999925307708
}