{
    "Test: predicted CATE for standardization: ": 0.0,
    "Test: NRMSE for standardization": 1.0,
    "Test: predicted CATE for naive IPW": 5.819702304127792,
    "Test: NRMSE for naive IPW": 3.159911018629452,
    "Test: predicted CATE for IPW": 1.648033932380479,
    "Test: NRMSE for IPW": 1.4011565682619556,
    "Test: predicted CATE for AIPW": 2.474141823706554,
    "Test: NRMSE for AIPW": 1.1013901599124505
}