{
    "Test: predicted CATE for standardization: ": 0.0,
    "Test: NRMSE for standardization": 1.0,
    "Test: predicted CATE for naive IPW": 1.1500145722028772,
    "Test: NRMSE for naive IPW": 6.6116848598897855,
    "Test: predicted CATE for IPW": -1.8294044968158734,
    "Test: NRMSE for IPW": 3.4224547547857,
    "Test: predicted CATE for AIPW": -1.92766395387886,
    "Test: NRMSE for AIPW": 3.656728647516288
}