{
    "Test: predicted CATE for standardization: ": 0.0,
    "Test: NRMSE for standardization": 1.0,
    "Test: predicted CATE for naive IPW": 5.819702304127792,
    "Test: NRMSE for naive IPW": 3.159911018629452,
    "Test: predicted CATE for IPW": 1.6478952537990732,
    "Test: NRMSE for IPW": 1.4001443767933819,
    "Test: predicted CATE for AIPW": 2.6723939861729624,
    "Test: NRMSE for AIPW": 1.1283670386780509
}