{
    "Test: predicted CATE for standardization: ": 0.0,
    "Test: NRMSE for standardization": 1.0,
    "Test: predicted CATE for naive IPW": 6.280187375766763,
    "Test: NRMSE for naive IPW": 1.971447847738503,
    "Test: predicted CATE for IPW": 2.280685595508349,
    "Test: NRMSE for IPW": 1.0017906064117341,
    "Test: predicted CATE for AIPW": 0.3953129339212657,
    "Test: NRMSE for AIPW": 0.9856564800188802
}