{
    "Test: predicted CATE for standardization: ": 0.0,
    "Test: NRMSE for standardization": 1.0,
    "Test: predicted CATE for naive IPW": 4.318674426861416,
    "Test: NRMSE for naive IPW": 4.786729765423036,
    "Test: predicted CATE for IPW": -1.0307335242311957,
    "Test: NRMSE for IPW": 1.8450827991299397,
    "Test: predicted CATE for AIPW": -0.16134684318685374,
    "Test: NRMSE for AIPW": 1.0767868155504936
}