"Method","Mean_ATE","se_ATE","CI_Lower","CI_Upper","Mean_RNMSE","se_RNMSE"
"IPW (Naive)",4.71095048334218,0.461078114836424,1.81488220476613,6.2050180752335,5.47251545740707,1.42110405500341
"IPW (GRF)",4.92389951853071,1.22167991867964,1.05700398546269,12.9824378886151,4.73861142152284,1.35888296627454
"AIPW (GRF)",3.8429959865752,0.354364285047378,1.71413298822238,5.10507502558026,0.919513910081737,0.0817548703162157
