Method,mean ATE,se ATE,CI lower,CI upper,mean RNMSE,se RNMSE
CFCV,0.32082521081053184,0.42573761783719316,-0.16134684318685374,0.6781446327809146,1.411457934918137,0.26800172597271793
