Method,mean ATE,se ATE,CI lower,CI upper,mean RNMSE,se RNMSE
IPW,-0.020019500480020817,1.193686639772652,-1.05858980734345,2.188385407763378,2.2422520876085117,0.6499048957075532
