Method,mean ATE,se ATE,CI lower,CI upper,mean RNMSE,se RNMSE
CFCV,0.5218304475350417,0.47223740361806815,-0.2769704289092278,1.7338070805152757,1.4073827543256467,0.2696331365519032
