Method,mean ATE,se ATE,CI lower,CI upper,mean RNMSE,se RNMSE
IPW,-0.02526499930621595,1.1943473852794215,-1.0307335242311957,2.189496727084728,2.2414328895261737,0.6497742770951752
