{"X": 0.705086886882782, "_timestamp": 1714944415.768503, "_runtime": 12.511491060256958, "_step": 39, "A": 0.6995190978050232, "Y": 0.6409955024719238, "loss": 0.6818671226501465, "_wandb": {"runtime": 12}}