{"X": 0.6915802955627441, "_timestamp": 1714951452.6201952, "_runtime": 26.67245626449585, "_step": 399, "A": 0.7461346387863159, "Y": 0.6279444694519043, "loss": 1.000807523727417, "_wandb": {"runtime": 25}}