{"X": 0.7270578742027283, "_timestamp": 1714698283.552903, "_runtime": 12.450167894363403, "_step": 39, "A": 0.718854546546936, "Y": 0.6741549968719482, "loss": 0.7066891193389893, "_wandb": {"runtime": 11}}