{"X": 43373.0703125, "_timestamp": 1714698058.933203, "_runtime": 100.78133201599121, "_step": 3999, "A": 41271.01171875, "Y": 56370.38671875, "loss": 47004.82421875, "_wandb": {"runtime": 99}}