{"t": 0.2065347284078598, "_timestamp": 1713639858.138175, "_runtime": 195.42717003822327, "_step": 899, "y": 1.6492822170257568, "loss": 0.9279084801673889, "_wandb": {"runtime": 194}}