{"X": 0.6980381608009338, "_timestamp": 1714962843.466816, "_runtime": 171.2841010093689, "_step": 3199, "A": 0.6915706992149353, "Y": 0.6355695724487305, "loss": 1.0010122060775757, "_wandb": {"runtime": 170}}