{"X": 0.6918768882751465, "_timestamp": 1714957098.68691, "_runtime": 12.151933908462524, "_step": 39, "A": 0.696638822555542, "Y": 0.8212735056877136, "loss": 0.736596405506134, "_wandb": {"runtime": 11}}