{"X": 0.6898331642150879, "_timestamp": 1714700326.8411899, "_runtime": 11.581086874008179, "_step": 39, "A": 0.7464907765388489, "Y": 0.7381916642189026, "loss": 0.7248384952545166, "_wandb": {"runtime": 10}}