{"X": 0.6944171786308289, "_timestamp": 1714697953.367548, "_runtime": 15.121416091918945, "_step": 39, "A": 0.6907290816307068, "Y": 0.7680616974830627, "loss": 0.717736005783081, "_wandb": {"runtime": 14}}