{"t": 0.2452438622713089, "_timestamp": 1713646207.357255, "_runtime": 170.57497787475586, "_step": 899, "y": 1.625636339187622, "loss": 0.9354401230812073, "_wandb": {"runtime": 169}}