{"X": 0.684752345085144, "_timestamp": 1714695690.3175402, "_runtime": 11.747008085250854, "_step": 39, "A": 0.7758098840713501, "Y": 0.6365667581558228, "loss": 0.6990429759025574, "_wandb": {"runtime": 11}}