{"X": 0.7249128222465515, "_timestamp": 1714945341.388492, "_runtime": 921.4779651165009, "_step": 23403, "A": 0.6924932599067688, "Y": 0.6611202359199524, "loss": 1.0228544473648071}