{"X": 0.693947970867157, "_timestamp": 1714965862.773676, "_runtime": 11.003237962722778, "_step": 39, "A": 0.7003105282783508, "Y": 0.6705606579780579, "loss": 0.688273012638092, "_wandb": {"runtime": 9}}