{"X": 0.7814423441886902, "_timestamp": 1714951421.2284539, "_runtime": 13.51637578010559, "_step": 39, "A": 0.6969258785247803, "Y": 0.627920389175415, "loss": 0.7020962238311768, "_wandb": {"runtime": 12}}