{
    "Test: predicted CATE for standardization: ": 0.0,
    "Test: NRMSE for standardization": 1.0,
    "Test: predicted CATE for naive IPW": 4.318674426861416,
    "Test: NRMSE for naive IPW": 4.786729765423036,
    "Test: predicted CATE for IPW": -0.9420014224053467,
    "Test: NRMSE for IPW": 1.8249652945119708,
    "Test: predicted CATE for AIPW": -0.08245351990345422,
    "Test: NRMSE for AIPW": 1.0157938077925954
}