{"X": 0.6928749084472656, "_timestamp": 1715047052.635017, "_runtime": 10.939762830734253, "_step": 39, "A": 0.7712996006011963, "Y": 0.6877521276473999, "loss": 0.7173088192939758, "_wandb": {"runtime": 10}}