{"A": 0.6956801414489746, "_timestamp": 1715133341.429397, "_runtime": 91.74780321121216, "_step": 1999, "M": 0.6627445220947266, "Y": 1.2722002267837524, "loss": 0.8768749237060547, "_wandb": {"runtime": 91}}