{"X": 0.693177342414856, "_timestamp": 1714962668.0220459, "_runtime": 38.82906794548035, "_step": 319, "A": 0.697765052318573, "Y": 0.6724674701690674, "loss": 0.6878032684326172, "_wandb": {"runtime": 36}}