{"X": 0.6821936368942261, "_timestamp": 1715193784.138769, "_runtime": 23.412012815475464, "_step": 319, "A": 0.6895684003829956, "Y": 0.7013097405433655, "loss": 0.6910238862037659, "_wandb": {"runtime": 22}}