{"t": 0.22776305675506592, "_timestamp": 1713657065.419154, "_runtime": 221.44466495513916, "_step": 899, "y": 1.5396925210952759, "loss": 0.8837277889251709, "_wandb": {"runtime": 220}}