{"X": 18734.14453125, "_timestamp": 1714699942.619488, "_runtime": 104.45044302940369, "_step": 3999, "A": 35275.8984375, "Y": 52183.46484375, "loss": 35397.8359375, "_wandb": {"runtime": 103}}