{"X": 0.7438193559646606, "_timestamp": 1714966247.856282, "_runtime": 11.355418920516968, "_step": 39, "A": 0.7460194230079651, "Y": 0.668891966342926, "loss": 0.719576895236969, "_wandb": {"runtime": 10}}