"Method","Mean_ATE","se_ATE","CI_Lower","CI_Upper","Mean_RNMSE","se_RNMSE"
"IPW (Naive)",-7367.84717511132,609.948062880691,-9939.52913054037,-4630.46485435298,5.10616002268874,0.339928922545722
"IPW (GRF)",-14125.9324100451,337.087956062242,-14723.1843411909,-11985.978043454,8.87249485049941,0.18786180771885
"AIPW (GRF)",-1070.25694151567,527.255645858795,-3286.00122960198,1542.66358066875,1.5964627336601,0.29384377869233
