{
    "Test: predicted ATE for standardization: ": 0.0,
    "Test: NRMSE for standardization": 1.0,
    "Test: predicted ATE for IPW": -14603.080894670764,
    "Test: NRMSE for IPW": 9.13841350840463,
    "Test: predicted ATE for AIPW": 767.3092616221901,
    "Test: NRMSE for AIPW": 0.5723724257263451
}