{
    "Test: predicted ATE for standardization: ": 0.0,
    "Test: NRMSE for standardization": 1.0,
    "Test: predicted ATE for IPW": -14722.414203123562,
    "Test: NRMSE for IPW": 9.204918913429763,
    "Test: predicted ATE for AIPW": 2579.483767773227,
    "Test: NRMSE for AIPW": 0.4375668868627056
}