{
    "Test: predicted ATE for standardization: ": 0.0,
    "Test: NRMSE for standardization": 1.0,
    "Test: predicted ATE for IPW": -16202.016025393697,
    "Test: NRMSE for IPW": 10.0295128155164,
    "Test: predicted ATE for AIPW": -5098.709211315325,
    "Test: NRMSE for AIPW": 3.841551328797957
}