{
    "Test: predicted ATE for standardization: ": 0.0,
    "Test: NRMSE for standardization": 1.0,
    "Test: predicted ATE for IPW": -14650.466244260175,
    "Test: NRMSE for IPW": 9.164821741843895,
    "Test: predicted ATE for AIPW": -7817.9896935250845,
    "Test: NRMSE for AIPW": 5.357028040129008
}