{
    "Test: predicted ATE for standardization: ": 0.0,
    "Test: NRMSE for standardization": 1.0,
    "Test: predicted ATE for IPW": -14475.120965841847,
    "Test: NRMSE for IPW": 9.067100419007462,
    "Test: predicted ATE for AIPW": -7034.363091516323,
    "Test: NRMSE for AIPW": 4.920306681853118
}