{"results": {"ATE_true": -7088.072014820751, "ATE_IPTW": -8566.016407899724, "rmse_IPTW": 1477.944393078973, "ATE_AIPW": -8567.388306505907, "rmse_AIPW": 1479.316291685156}, "hyperparameters": {"training": {"num_epochs": 50, "batch_size": 64, "learning_rate": 0.0001, "weight_decay": 0.01, "project_tag": "lalonde_cps"}, "model": {"num_layers": 4, "dropout_rate": 0.1, "embedding_dim": 512, "num_heads": 64}}}