{"results": {"ATE_true": -7092.881674716653, "ATE_IPTW": -10769.245283203816, "rmse_IPTW": 3676.363608487163, "ATE_AIPW": -10769.469811020037, "rmse_AIPW": 3676.588136303384}, "hyperparameters": {"training": {"num_epochs": 50, "batch_size": 64, "learning_rate": 0.0001, "weight_decay": 0.01, "project_tag": "lalonde_cps"}, "model": {"num_layers": 4, "dropout_rate": 0.1, "embedding_dim": 512, "num_heads": 64}}}