{"results": {"ATE_true": -6977.127761167221, "ATE_IPTW": -7623.806943328675, "rb_IPTW": -0.08482365660207851, "ATE_std": 8.614667076578542e-06, "rb_std": -809912641.7492353, "ATE_AIPW": -7625.523975797705, "rb_AIPW": -0.08502972604746879}, "hyperparameters": {"training": {"num_epochs": 100, "batch_size": 512, "learning_rate": 0.001, "weight_decay": 0, "project_tag": "lalonde_cps"}, "model": {"num_layers": 2, "dropout_rate": 0.1, "embedding_dim": 128, "num_heads": 32}}}