Method,mean ATE,se ATE,CI lower,CI upper,mean RNMSE,se RNMSE
CFCV,-3179.9735677179756,1550.2313573532258,-6945.854719731943,767.3092616221901,3.604063488809412,0.5817362816996804
