{"results": {"ATE_true": -6977.127761167221, "ATE_IPTW": -7550.793026838523, "rb_IPTW": -0.07597417431947436, "ATE_std": -1.8169445605842327e-05, "rb_std": 384003336.9402478, "ATE_AIPW": -7552.552868521496, "rb_AIPW": -0.07618948418787051}, "hyperparameters": {"training": {"num_epochs": 100, "batch_size": 512, "learning_rate": 0.001, "weight_decay": 0, "project_tag": "lalonde_cps"}, "model": {"num_layers": 2, "dropout_rate": 0.1, "embedding_dim": 128, "num_heads": 32}}}