{"_wandb": {"runtime": 5}, "Val Training Loss - black_hat": 0.15903246402740479, "Val Training Loss - hispanic_hat": 0.08382336795330048, "Val Training Loss - married_hat": 0.31467002630233765, "Val Training Loss - nodegree_hat": 0.5443675518035889, "Val Training Loss - t_hat": 0.2060513198375702, "Val Training Loss - age_bin_hat": 27.222923278808594, "Val Training Loss - education_bin_hat": 35.624107360839844, "Val Training Loss - re74_bin_hat": 8.935702323913574, "Val Training Loss - re75_bin_hat": 1.157871127128601, "Val Training Loss - y_bin_hat": 15.076108932495117, "_timestamp": 1712420189.641384, "Val Validation Loss - black_hat": 0.14068537764251232, "Val Validation Loss - hispanic_hat": 0.07319298014044762, "Val Validation Loss - married_hat": 0.5865482836961746, "Val Validation Loss - nodegree_hat": 0.4319475293159485, "Val Validation Loss - t_hat": 0.1654018759727478, "Val Validation Loss - age_bin_hat": 9.333443403244019, "Val Validation Loss - education_bin_hat": 24.039746284484863, "Val Validation Loss - re74_bin_hat": 3.22363767772913, "Val Validation Loss - re75_bin_hat": 7.941182196140289, "Val Validation Loss - y_bin_hat": 12.339275121688843, "_runtime": 6.871433973312378, "_step": 0}