{"t": 0.21548886597156525, "_timestamp": 1715214166.0988429, "_runtime": 21.700711965560913, "_step": 89, "y": 1.7008618116378784, "loss": 0.9581753611564636, "_wandb": {"runtime": 21}}