{"X": 0.6953797936439514, "_timestamp": 1714699833.292743, "_runtime": 12.05020785331726, "_step": 39, "A": 0.7237625122070312, "Y": 0.6764817237854004, "loss": 0.6985413432121277, "_wandb": {"runtime": 11}}