{"X": 0.6953744292259216, "_timestamp": 1714698741.3985229, "_runtime": 12.501092910766602, "_step": 39, "A": 0.7452816963195801, "Y": 0.8046238422393799, "loss": 0.7484266757965088, "_wandb": {"runtime": 11}}