{"X": 0.6956482529640198, "_timestamp": 1715050834.9379041, "_runtime": 38.5430371761322, "_step": 319, "A": 0.6630773544311523, "Y": 0.6910944581031799, "loss": 0.6832733154296875, "_wandb": {"runtime": 36}}