{"X": 0.6753357648849487, "_timestamp": 1715053013.627496, "_runtime": 23.62178897857666, "_step": 319, "A": 0.6702304482460022, "Y": 0.6990890502929688, "loss": 22.0736026763916, "_wandb": {"runtime": 22}}