{"U1": 0.8639129400253296, "_timestamp": 1714950126.58511, "_runtime": 12.03963303565979, "_step": 49, "X": 0.6878281235694885, "A": 0.7050794959068298, "Y": 0.7012184858322144, "loss": 0.7395098209381104, "_wandb": {"runtime": 11}}