{"X": 0.688861072063446, "_timestamp": 1715047382.300767, "_runtime": 11.519160985946655, "_step": 39, "A": 0.6427704095840454, "Y": 0.6848235130310059, "loss": 0.6721516251564026, "_wandb": {"runtime": 10}}