{"X": 0.6937956213951111, "_timestamp": 1715046110.046954, "_runtime": 23.92234992980957, "_step": 399, "A": 0.7112716436386108, "Y": 0.6579165458679199, "loss": 1.3817005157470703, "_wandb": {"runtime": 22}}