{"X": 0.704253613948822, "_timestamp": 1714943706.957935, "_runtime": 154.56266617774963, "_step": 3999, "A": 0.752504825592041, "Y": 0.713192343711853, "loss": 1.0422101020812988, "_wandb": {"runtime": 153}}