{"t": NaN, "_timestamp": 1715213027.642663, "_runtime": 20.93061590194702, "_step": 89, "y": NaN, "loss": NaN, "_wandb": {"runtime": 20}}