{"Train Training Loss - black_hat": 0.36749085783958435, "Train Training Loss - hispanic_hat": 0.20325297117233276, "Train Training Loss - married_hat": 0.2136792093515396, "Train Training Loss - nodegree_hat": 0.322797954082489, "Train Training Loss - t_hat": 0.00799085758626461, "Train Training Loss - age_bin_hat": 1.448540449142456, "Train Training Loss - education_bin_hat": 1.799564242362976, "Train Training Loss - re74_bin_hat": 4.902130603790283, "Train Training Loss - re75_bin_hat": 1.4026217460632324, "Train Training Loss - y_bin_hat": 4.075206279754639, "_timestamp": 1712422580.3446379, "Train Validation Loss - black_hat": 0.49137112498283386, "Train Validation Loss - hispanic_hat": 0.17356155812740326, "Train Validation Loss - married_hat": 0.17545682191848755, "Train Validation Loss - nodegree_hat": 0.3224497437477112, "Train Validation Loss - t_hat": 0.006884636357426643, "Train Validation Loss - age_bin_hat": 10.970349311828613, "Train Validation Loss - education_bin_hat": 5.054474353790283, "Train Validation Loss - re74_bin_hat": 11.33211898803711, "Train Validation Loss - re75_bin_hat": 7.463910102844238, "Train Validation Loss - y_bin_hat": 11.28781795501709, "_runtime": 44.95145893096924, "_step": 9, "_wandb": {"runtime": 44}}