{"t": 0.07967673987150192, "_timestamp": 1714430872.1157901, "_runtime": 4299.746938228607, "_step": 4799, "y": 2.104248285293579, "loss": 1.091962456703186, "_wandb": {"runtime": 4298}}