{"X": 0.6976743936538696, "_timestamp": 1714695502.373292, "_runtime": 11.771229028701782, "_step": 39, "A": 0.7874075174331665, "Y": 0.6261510848999023, "loss": 0.7037443518638611, "_wandb": {"runtime": 11}}