{"X": 0.6918371319770813, "_timestamp": 1714945610.344656, "_runtime": 30.694647073745728, "_step": 575, "A": 0.7200374007225037, "Y": 0.6313939094543457, "loss": 0.991191565990448}