{"X": 0.6985324025154114, "_timestamp": 1714703014.368489, "_runtime": 11.825334072113037, "_step": 39, "A": 0.6920015215873718, "Y": 0.6273819208145142, "loss": 0.6726385951042175, "_wandb": {"runtime": 11}}