{"t": 0.2394847720861435, "_timestamp": 1713569093.130075, "_runtime": 188.40082502365112, "_step": 899, "y": 1.6768888235092163, "loss": 0.9581868052482605, "_wandb": {"runtime": 187}}