{"A": NaN, "_timestamp": 1715131374.1231139, "_runtime": 83.51841282844543, "_step": 1999, "M": NaN, "Y": NaN, "loss": NaN, "_wandb": {"runtime": 82}}