{"A": 0.695011556148529, "_timestamp": 1715192409.613923, "_runtime": 168.92221307754517, "_step": 3999, "M": 0.6847251653671265, "Y": 1.2923763990402222, "loss": 0.890704333782196, "_wandb": {"runtime": 168}}