{"X": 0.65057373046875, "_timestamp": 1715052860.6052659, "_runtime": 31.019930839538574, "_step": 319, "A": 0.6848025918006897, "Y": 0.6893366575241089, "loss": 0.6749043464660645, "_wandb": {"runtime": 30}}