{"U1": 0.6932997107505798, "_timestamp": 1714950298.1093912, "_runtime": 166.81791925430298, "_step": 4999, "X": 0.886788547039032, "A": 1.0705499649047852, "Y": 1.2978976964950562, "loss": 1.3040719032287598, "_wandb": {"runtime": 165}}