{"X": 0.6943610310554504, "_timestamp": 1714959041.0896251, "_runtime": 23.58542823791504, "_step": 399, "A": 0.7068509459495544, "Y": 0.650027871131897, "loss": 1.0016649961471558, "_wandb": {"runtime": 22}}