{"t": 0.22352935373783112, "_timestamp": 1715213810.154104, "_runtime": 13.795892000198364, "_step": 22, "y": 1.7447468042373657, "loss": 0.941340446472168}