{"X": 422.0215759277344, "_timestamp": 1714941171.007963, "_runtime": 173.9602780342102, "_step": 3999, "A": 436.5649108886719, "Y": 288.8381042480469, "loss": 382.474853515625, "_wandb": {"runtime": 172}}