{"X": 0.7220268249511719, "_timestamp": 1714696114.1278012, "_runtime": 15.589262247085571, "_step": 39, "A": 0.6857736706733704, "Y": 0.7531576752662659, "loss": 0.7203193306922913, "_wandb": {"runtime": 15}}