{"X": 2.1638600826263428, "_timestamp": 1714950639.674981, "_runtime": 165.18688821792603, "_step": 3999, "A": 1.1428881883621216, "Y": 0.9246798753738403, "loss": 1.7309155464172363, "_wandb": {"runtime": 164}}