{"X": 0.7078182101249695, "_timestamp": 1715047515.075727, "_runtime": 10.941787958145142, "_step": 39, "A": 0.7700140476226807, "Y": 0.6915711164474487, "loss": 0.7231345176696777, "_wandb": {"runtime": 10}}