{"X": 468.3773498535156, "_timestamp": 1714941713.2442071, "_runtime": 172.3551471233368, "_step": 3999, "A": 396.0512390136719, "Y": 274.73065185546875, "loss": 379.7197265625, "_wandb": {"runtime": 170}}