{"X1": 0.6833638548851013, "_timestamp": 1713916381.6582148, "_runtime": 37.954535722732544, "_step": 519, "X2": 0.6942795515060425, "X3": 0.691210925579071, "X4": 0.6996681690216064, "X5": 0.6925132274627686, "X6": 0.7083454132080078, "X7": 0.7178244590759277, "X8": 0.7092878222465515, "X9": 0.7018564939498901, "X10": 0.6803021430969238, "A": 0.6687375903129578, "Y": 0.6734153628349304, "loss": 0.6934003829956055, "_wandb": {"runtime": 36}}