{"t": 0.2626626193523407, "_timestamp": 1713640450.216007, "_runtime": 186.34913206100464, "_step": 899, "y": 1.6750686168670654, "loss": 0.9688656330108643, "_wandb": {"runtime": 185}}