{"t": 0.11345001310110092, "_timestamp": 1714515708.1686342, "_runtime": 21.33000612258911, "_step": 31, "y": 2.0894577503204346, "loss": 1.1028070449829102}