{"t": 0.03686894476413727, "_timestamp": 1714435206.809937, "_runtime": 4307.733813047409, "_step": 4799, "y": 2.0349113941192627, "loss": 1.0358902215957642, "_wandb": {"runtime": 4291}}