{"X": 0.7701606750488281, "_timestamp": 1715053261.082978, "_runtime": 152.97773599624634, "_step": 3199, "A": 0.7033013701438904, "Y": 0.733599066734314, "loss": 21.822656631469727, "_wandb": {"runtime": 151}}