{"X": 0.67261803150177, "_timestamp": 1715193051.2777228, "_runtime": 151.2724609375, "_step": 3199, "A": 0.6743013858795166, "Y": 0.7292189002037048, "loss": 21.80294418334961, "_wandb": {"runtime": 150}}