{"X": 0.7107151746749878, "_timestamp": 1714697564.810977, "_runtime": 11.816787004470825, "_step": 39, "A": 0.7182118892669678, "Y": 0.7132987380027771, "loss": 0.7140752673149109, "_wandb": {"runtime": 11}}