{"A": 0.6931909322738647, "_timestamp": 1715192577.033687, "_runtime": 162.11996722221375, "_step": 3999, "M": 0.6611570119857788, "Y": 1.3210771083831787, "loss": 0.8918083310127258, "_wandb": {"runtime": 160}}