{"X": 0.7662979960441589, "_timestamp": 1714702551.15664, "_runtime": 11.714858055114746, "_step": 39, "A": 0.6914607882499695, "Y": 0.8816416263580322, "loss": 0.7798001170158386, "_wandb": {"runtime": 11}}