{"X": 0.6984501481056213, "_timestamp": 1714959184.7171881, "_runtime": 24.23905301094055, "_step": 399, "A": 0.7129227519035339, "Y": 0.6983955502510071, "loss": 1.0220308303833008, "_wandb": {"runtime": 23}}