{"t": 0.3311367332935333, "_timestamp": 1714515676.754287, "_runtime": 16.823487043380737, "_step": 11, "y": 2.780646800994873, "loss": 1.555891752243042}