{"X": 0.7804757952690125, "_timestamp": 1714950469.988971, "_runtime": 14.335259914398193, "_step": 39, "A": 0.6942704916000366, "Y": 0.6173017621040344, "loss": 0.6973493099212646, "_wandb": {"runtime": 13}}