{"t": 0.5074990391731262, "_timestamp": 1713568128.323165, "_runtime": 92.4186909198761, "_step": 2314, "y": 1.6334151029586792, "loss": 0.9202562570571899}