{"X": 0.697878897190094, "_timestamp": 1715053099.672405, "_runtime": 32.624715089797974, "_step": 319, "A": 0.6839587688446045, "Y": 0.6905543208122253, "loss": 0.6907973289489746, "_wandb": {"runtime": 32}}