{"X": 0.6983840465545654, "_timestamp": 1715046016.718153, "_runtime": 11.747184991836548, "_step": 39, "A": 0.7238644957542419, "Y": 0.6398538947105408, "loss": 0.6873674988746643, "_wandb": {"runtime": 11}}