{"X": 0.6956843733787537, "_timestamp": 1714951261.68188, "_runtime": 13.085402965545654, "_step": 39, "A": 0.6931371092796326, "Y": 0.8053022623062134, "loss": 0.7313745617866516, "_wandb": {"runtime": 12}}