{"X": 0.7326079607009888, "_timestamp": 1714696623.567602, "_runtime": 11.713775873184204, "_step": 39, "A": 0.6885033249855042, "Y": 0.7631462216377258, "loss": 0.7280858159065247, "_wandb": {"runtime": 11}}