{"t": 0.05460583418607712, "_timestamp": 1714507473.119306, "_runtime": 4146.214868068695, "_step": 4799, "y": 2.1273388862609863, "loss": 1.0909723043441772, "_wandb": {"runtime": 4145}}