{"t": 0.22506308555603027, "_timestamp": 1713656838.3122702, "_runtime": 218.09528708457947, "_step": 899, "y": 1.5885117053985596, "loss": 0.9067873954772949, "_wandb": {"runtime": 217}}