{"X": 49261.9140625, "_timestamp": 1714697677.689991, "_runtime": 102.48563408851624, "_step": 3999, "A": 47949.83984375, "Y": 28868.525390625, "loss": 42026.7578125, "_wandb": {"runtime": 101}}