{"X": 0.6936099529266357, "_timestamp": 1714946250.982902, "_runtime": 152.17575812339783, "_step": 3999, "A": 0.7988485097885132, "Y": 0.7306561470031738, "loss": 1.0711058378219604, "_wandb": {"runtime": 151}}