{"X": 0.7316253781318665, "_timestamp": 1714959155.2831192, "_runtime": 11.663509130477905, "_step": 39, "A": 0.6902839541435242, "Y": 0.8349418640136719, "loss": 0.7522837519645691, "_wandb": {"runtime": 11}}