{"t": 0.21168026328086853, "_timestamp": 1715211931.869209, "_runtime": 130.31644916534424, "_step": 899, "y": 1.683237910270691, "loss": 0.9474591016769409, "_wandb": {"runtime": 129}}