{"t": 0.2625415325164795, "_timestamp": 1715212670.949122, "_runtime": 21.19179105758667, "_step": 89, "y": 1.6814491748809814, "loss": 0.9719953536987305, "_wandb": {"runtime": 20}}