{"U1": 0.7164077162742615, "_timestamp": 1714948367.286538, "_runtime": 12.588303804397583, "_step": 49, "X": 0.6969454288482666, "A": 0.7259047627449036, "Y": 0.7128481268882751, "loss": 0.7130265235900879, "_wandb": {"runtime": 11}}