{"X": 0.7788800597190857, "_timestamp": 1714947164.255243, "_runtime": 172.83232307434082, "_step": 3999, "A": 0.6873839497566223, "Y": 0.6307081580162048, "loss": 1.0188572406768799, "_wandb": {"runtime": 171}}