{"X": 0.6776135563850403, "_timestamp": 1715052259.950752, "_runtime": 184.33143496513367, "_step": 3543, "A": 0.6709957718849182, "Y": 0.6921746134757996, "loss": 7.89700984954834}