{"X": 0.6883329749107361, "_timestamp": 1714946986.4836822, "_runtime": 13.746994256973267, "_step": 39, "A": 0.6914635300636292, "Y": 0.7168696522712708, "loss": 0.6988887190818787, "_wandb": {"runtime": 13}}