{"t": 0.00728764059022069, "_timestamp": 1714513823.560978, "_runtime": 480.76831889152527, "_step": 1919, "y": 2.0894575119018555, "loss": 1.0483726263046265, "_wandb": {"runtime": 480}}