{"X": 0.6957472562789917, "_timestamp": 1715192892.9436858, "_runtime": 33.03591966629028, "_step": 319, "A": 0.656440019607544, "Y": 0.6829652190208435, "loss": 0.6783841252326965, "_wandb": {"runtime": 32}}