{"X": 0.6986675262451172, "_timestamp": 1714951558.1361978, "_runtime": 12.30286169052124, "_step": 39, "A": 0.7044361233711243, "Y": 0.6101140379905701, "loss": 0.6710725426673889, "_wandb": {"runtime": 11}}