{"X": 0.727293074131012, "_timestamp": 1714963274.358847, "_runtime": 11.59369683265686, "_step": 39, "A": 0.7025406360626221, "Y": 0.6278132200241089, "loss": 0.6858822703361511, "_wandb": {"runtime": 11}}