{"t": 0.23096856474876404, "_timestamp": 1713558882.826682, "_runtime": 353.76538014411926, "_step": 1799, "y": 1.7119089365005493, "loss": 0.9714387655258179, "_wandb": {"runtime": 353}}