{"X": 0.6877850890159607, "_timestamp": 1715052411.744098, "_runtime": 23.25818705558777, "_step": 319, "A": 0.6688718795776367, "Y": 0.712831437587738, "loss": 21.744915008544922, "_wandb": {"runtime": 22}}