{"X": 0.6910656094551086, "_timestamp": 1714963302.947701, "_runtime": 23.45999789237976, "_step": 399, "A": 0.6946232318878174, "Y": 0.7043341994285583, "loss": 1.0241615772247314, "_wandb": {"runtime": 22}}