{"X": 0.7154107689857483, "_timestamp": 1714940991.4185479, "_runtime": 19.98574686050415, "_step": 39, "A": 0.734728991985321, "Y": 0.6359925866127014, "loss": 0.6953774094581604, "_wandb": {"runtime": 18}}