{"X": 0.6891287565231323, "_timestamp": 1715050934.01771, "_runtime": 94.58817100524902, "_step": 1727, "A": 0.6546663045883179, "Y": 0.6682626008987427, "loss": 0.6706859469413757}