{"X": 0.6988686323165894, "_timestamp": 1714961885.696974, "_runtime": 30.953593015670776, "_step": 319, "A": 0.7039293646812439, "Y": 0.633496880531311, "loss": 0.6787649989128113, "_wandb": {"runtime": 30}}