{"Val Training Loss - black_hat": 0.40089064836502075, "Val Training Loss - hispanic_hat": 0.15003740787506104, "Val Training Loss - married_hat": 0.01951325312256813, "Val Training Loss - nodegree_hat": 0.025935132056474686, "Val Training Loss - t_hat": 0.0030793112237006426, "Val Training Loss - age_bin_hat": 0.8603818416595459, "Val Training Loss - education_bin_hat": 1.1255296468734741, "Val Training Loss - re74_bin_hat": 0.476024329662323, "Val Training Loss - re75_bin_hat": 0.2812417447566986, "Val Training Loss - y_bin_hat": 1.5731295347213745, "_timestamp": 1712422631.8450592, "Val Validation Loss - black_hat": 0.34710395336151123, "Val Validation Loss - hispanic_hat": 0.19996818900108337, "Val Validation Loss - married_hat": 0.009862073697149754, "Val Validation Loss - nodegree_hat": 0.012261483818292618, "Val Validation Loss - t_hat": 0.002181191695854068, "Val Validation Loss - age_bin_hat": 1.4862197637557983, "Val Validation Loss - education_bin_hat": 1.7677644491195679, "Val Validation Loss - re74_bin_hat": 4.7049150466918945, "Val Validation Loss - re75_bin_hat": 1.7461223602294922, "Val Validation Loss - y_bin_hat": 2.0613646507263184, "_runtime": 47.60709619522095, "_step": 9, "_wandb": {"runtime": 46}}