"ate","rmse_ate"
-2448.94898092426,4243.28898092426
1022.01585310607,772.324146893933
-4310.01960549369,6104.35960549369
599.03820106519,1195.30179893481
-1133.63885394709,2927.97885394709
-2398.8494068712,4193.1894068712
-657.486514503357,2451.82651450336
-1029.59831671358,2823.93831671358
-1143.8496773464,2938.1896773464
-143.775381882246,1938.11538188225
