{"X": 0.714332103729248, "_timestamp": 1714948103.1611362, "_runtime": 167.7719361782074, "_step": 3999, "A": 0.7045385241508484, "Y": 0.6350963115692139, "loss": 0.9980436563491821, "_wandb": {"runtime": 166}}