{"X": 0.6690041422843933, "_timestamp": 1715193756.551318, "_runtime": 32.825140953063965, "_step": 319, "A": 0.685619056224823, "Y": 0.6921700239181519, "loss": 0.6822643876075745, "_wandb": {"runtime": 32}}