{"t": 0.2326347380876541, "_timestamp": 1715212156.4312088, "_runtime": 22.061481952667236, "_step": 89, "y": 1.659719467163086, "loss": 0.9461771249771118, "_wandb": {"runtime": 20}}