{"X": 0.6891326904296875, "_timestamp": 1714962047.903554, "_runtime": 155.32425689697266, "_step": 3199, "A": 0.6987574100494385, "Y": 0.6328086256980896, "loss": 0.9872553944587708, "_wandb": {"runtime": 154}}