{"X": 0.6935212016105652, "_timestamp": 1714958912.454592, "_runtime": 11.78773808479309, "_step": 39, "A": 0.7040930390357971, "Y": 0.9606164693832397, "loss": 0.7860768437385559, "_wandb": {"runtime": 11}}