{"Train Training Loss - black_hat": 0.31707173585891724, "Train Training Loss - hispanic_hat": 0.2761729061603546, "Train Training Loss - married_hat": 0.4998055696487427, "Train Training Loss - nodegree_hat": 0.5606129765510559, "Train Training Loss - t_hat": 0.010629645548760891, "Train Training Loss - age_bin_hat": 13.690597534179688, "Train Training Loss - education_bin_hat": 7.683767795562744, "Train Training Loss - re74_bin_hat": 8.690994262695312, "Train Training Loss - re75_bin_hat": 12.222305297851562, "Train Training Loss - y_bin_hat": 11.417654037475586, "_timestamp": 1712423433.138976, "Train Validation Loss - black_hat": 0.25698176286523305, "Train Validation Loss - hispanic_hat": 0.2686843753807128, "Train Validation Loss - married_hat": 0.43471539824727984, "Train Validation Loss - nodegree_hat": 0.5345463464184413, "Train Validation Loss - t_hat": 0.00870139840694647, "Train Validation Loss - age_bin_hat": 14.68937463608999, "Train Validation Loss - education_bin_hat": 6.0760919782850475, "Train Validation Loss - re74_bin_hat": 5.552060997675335, "Train Validation Loss - re75_bin_hat": 9.479257046230256, "Train Validation Loss - y_bin_hat": 9.521322356330025, "_runtime": 796.9016501903534, "_step": 9, "_wandb": {"runtime": 795}}