{"X": 0.6901208758354187, "_timestamp": 1714964664.3018858, "_runtime": 11.187641859054565, "_step": 39, "A": 0.7070953845977783, "Y": 0.7610212564468384, "loss": 0.7194125056266785, "_wandb": {"runtime": 10}}