{"X": 0.7129388451576233, "_timestamp": 1714700794.810708, "_runtime": 12.134052991867065, "_step": 39, "A": 0.7283639311790466, "Y": 0.6700645685195923, "loss": 0.7037890553474426, "_wandb": {"runtime": 11}}