{"X": 0.6867850422859192, "_timestamp": 1714952001.337044, "_runtime": 26.65165901184082, "_step": 399, "A": 0.6980436444282532, "Y": 0.6572540998458862, "loss": 1.0055686235427856, "_wandb": {"runtime": 25}}