{"X": 0.6921284198760986, "_timestamp": 1714699469.509164, "_runtime": 12.256923198699951, "_step": 39, "A": 0.6941121816635132, "Y": 0.632426381111145, "loss": 0.672888994216919, "_wandb": {"runtime": 11}}