{"X": 0.7554357051849365, "_timestamp": 1714699191.5961118, "_runtime": 11.94815468788147, "_step": 39, "A": 0.7016807794570923, "Y": 0.7844429016113281, "loss": 0.7471864819526672, "_wandb": {"runtime": 11}}