{"X": 415.806884765625, "_timestamp": 1714701850.513796, "_runtime": 178.70488214492798, "_step": 3999, "A": 362.76385498046875, "Y": 530.3085327148438, "loss": 436.2930908203125, "_wandb": {"runtime": 177}}