{"X": 0.7368466854095459, "_timestamp": 1714965846.714476, "_runtime": 11.631981134414673, "_step": 39, "A": 0.7132167816162109, "Y": 0.7652826905250549, "loss": 0.7384486794471741, "_wandb": {"runtime": 11}}