{"X": 0.708682656288147, "_timestamp": 1714957131.7232692, "_runtime": 23.13792133331299, "_step": 399, "A": 0.7487703561782837, "Y": 0.6555605530738831, "loss": 1.0328336954116821, "_wandb": {"runtime": 22}}