{"t": 0.16693082451820374, "_timestamp": 1715213711.474826, "_runtime": 24.563460111618042, "_step": 89, "y": 1.6912422180175781, "loss": 0.9290865063667297, "_wandb": {"runtime": 23}}