{"X1": 0.7004882097244263, "_timestamp": 1713806034.001537, "_runtime": 461.57416796684265, "_step": 4471, "X2": 0.7046042680740356, "X3": 0.6988532543182373, "X4": 0.6982060074806213, "X5": 0.719330370426178, "X6": 0.6918398141860962, "X7": 0.7228648066520691, "X8": 0.7019823789596558, "X9": 0.7000642418861389, "X10": 0.6980275511741638, "A": 0.692656934261322, "Y": 0.6892193555831909, "loss": 0.7015113830566406}