{"X": 0.6871414184570312, "_timestamp": 1715050203.9755032, "_runtime": 38.93281531333923, "_step": 319, "A": 0.6742583513259888, "Y": 0.7296867370605469, "loss": 0.6970288157463074, "_wandb": {"runtime": 37}}