{"t": 0.2504739761352539, "_timestamp": 1713649160.5518458, "_runtime": 190.944965839386, "_step": 899, "y": 1.5573852062225342, "loss": 0.903929591178894, "_wandb": {"runtime": 190}}