{"X": 0.6870676279067993, "_timestamp": 1715046443.6217248, "_runtime": 23.7774658203125, "_step": 399, "A": 0.6516842842102051, "Y": 0.7172387838363647, "loss": 1.3975470066070557, "_wandb": {"runtime": 22}}