{"X": 0.7043880224227905, "_timestamp": 1714695805.025575, "_runtime": 11.484802007675171, "_step": 39, "A": 0.7182533740997314, "Y": 0.6249518990516663, "loss": 0.6825311183929443, "_wandb": {"runtime": 10}}