{"t": 0.24542005360126495, "_timestamp": 1715213152.61118, "_runtime": 21.333106994628906, "_step": 89, "y": 1.682361125946045, "loss": 0.9638906121253967, "_wandb": {"runtime": 20}}