{"t": 0.2991943359375, "_timestamp": 1713560372.62132, "_runtime": 333.6823389530182, "_step": 1799, "y": 1.5806419849395752, "loss": 0.9399181604385376, "_wandb": {"runtime": 333}}