{"X": 0.6950135827064514, "_timestamp": 1714697150.074852, "_runtime": 11.955561876296997, "_step": 39, "A": 0.7386390566825867, "Y": 0.6357150077819824, "loss": 0.6897892355918884, "_wandb": {"runtime": 11}}