{"X": 0.6967388391494751, "_timestamp": 1714696129.137283, "_runtime": 9.35787320137024, "_step": 2, "A": 0.7302063703536987, "Y": 0.7681576013565063, "_wandb": {"runtime": 8}}