{"t": 0.01202442403882742, "_timestamp": 1714514290.3116958, "_runtime": 442.0470218658447, "_step": 1919, "y": 2.0014755725860596, "loss": 1.0067499876022339, "_wandb": {"runtime": 440}}