{"t": 0.06673960387706757, "_timestamp": 1714442758.857686, "_runtime": 3119.74236702919, "_step": 3551, "y": 2.1215431690216064, "loss": 1.0941413640975952, "_wandb": {"runtime": 3118}}