{"X": 0.7101197242736816, "_timestamp": 1714951586.47898, "_runtime": 23.88349413871765, "_step": 399, "A": 0.6987863779067993, "Y": 0.6806899309158325, "loss": 1.0100568532943726, "_wandb": {"runtime": 22}}