{"X": 0.6904436349868774, "_timestamp": 1715052383.069675, "_runtime": 31.66797685623169, "_step": 319, "A": 0.686764121055603, "Y": 0.6949863433837891, "loss": 0.6907313466072083, "_wandb": {"runtime": 30}}