{"X": 0.6920922994613647, "_timestamp": 1714946094.301503, "_runtime": 12.304041862487793, "_step": 39, "A": 0.7184612154960632, "Y": 0.6328573822975159, "loss": 0.6811369061470032, "_wandb": {"runtime": 11}}