{"X1": 0.6769051551818848, "_timestamp": 1713804687.2705011, "_runtime": 195.64712715148926, "_step": 2079, "X2": 0.6696189641952515, "X3": 0.6038681864738464, "X4": 0.6687135696411133, "X5": 0.701197624206543, "X6": 0.7059168219566345, "X7": 0.6837273240089417, "X8": 0.6612287163734436, "X9": 0.7074504494667053, "X10": 0.7580481767654419, "A": 0.6494439244270325, "Y": 0.4565580189228058, "loss": 0.6618897318840027}