{"t": 0.07720033079385757, "_timestamp": 1713664705.6757498, "_runtime": 1236.4769127368927, "_step": 4799, "y": 2.0169403553009033, "loss": 1.0470703840255737, "_wandb": {"runtime": 1235}}