{"X": 550.1278686523438, "_timestamp": 1714703197.1382542, "_runtime": 177.8340892791748, "_step": 3999, "A": 464.83612060546875, "Y": 274.0209045410156, "loss": 429.66162109375, "_wandb": {"runtime": 176}}