{"t": 0.3053623139858246, "_timestamp": 1713568357.391563, "_runtime": 197.23388600349426, "_step": 3299, "y": 1.6158636808395386, "loss": 0.9606130123138428, "_wandb": {"runtime": 196}}