{"X": 1.0015783309936523, "_timestamp": 1714951292.576546, "_runtime": 26.235213041305542, "_step": 399, "A": 1.0008009672164917, "Y": 2.2383832931518555, "loss": 1.7281993627548218, "_wandb": {"runtime": 24}}