{"X": 0.6921066045761108, "_timestamp": 1714696637.7493608, "_runtime": 9.099823713302612, "_step": 2, "A": 0.6936080455780029, "Y": 0.665553867816925, "_wandb": {"runtime": 7}}