{"X": 0.6936025619506836, "_timestamp": 1715049621.9128692, "_runtime": 1565.7969663143158, "_step": 31999, "A": 0.6782364249229431, "Y": 0.6963294148445129, "loss": 1.3997857570648193, "_wandb": {"runtime": 1564}}