{"t": 0.18319645524024963, "_timestamp": 1713646395.517739, "_runtime": 183.23472213745117, "_step": 899, "y": 1.5457899570465088, "loss": 0.864493191242218, "_wandb": {"runtime": 181}}