{"X": 0.6909648776054382, "_timestamp": 1714945658.17008, "_runtime": 12.834975957870483, "_step": 39, "A": 0.7096789479255676, "Y": 0.7859994769096375, "loss": 0.7288811206817627, "_wandb": {"runtime": 11}}